{
	"name": "vsfighter2",
	"vendorId": "0xCEEB",
	"productId": "0x0007",
	"lighting": "none",
	"matrix": {"rows": 1, "cols": 16},
	"layouts": {
		"keymap": [
		  [
		    {
		      "x": 3
		    },
		    "0,12",
		    "0,13",
		    "0,11",
		    "0,10"
		  ],
		  [
		    {
		      "y": 0.75,
		      "x": 10
		    },
		    "0,7",
		    "0,9"
		  ],
		  [
		    {
		      "y": -0.8500000000000001,
		      "x": 12
		    },
		    "0,8"
		  ],
		  [
		    {
		      "y": -0.8999999999999999,
		      "x": 9
		    },
		    "0,6"
		  ],
		  [
		    {
		      "y": -0.25,
		      "x": 10
		    },
		    "0,5",
		    "0,14"
		  ],
		  [
		    {
		      "y": -0.8500000000000001,
		      "x": 12
		    },
		    "0,15"
		  ],
		  [
		    {
		      "y": -0.8999999999999999,
		      "x": 9
		    },
		    "0,4"
		  ],
		  [
		    {
		      "r": 15,
		      "y": -3,
		      "x": 2
		    },
		    "0,0"
		  ],
		  [
		    {
		      "x": 1
		    },
		    "0,2",
		    "0,1",
		    "0,3"
		  ]
		]
	}
}
